EmployeeDTO{668065,Mrs.,Deja,H,Niemeyer,F,deja.niemeyer@gmail.com,3000-09-04,2012-06-05,130000
EmployeeDTO{356131,Hon.,Dominick,I,Yager,M,dominick.yager@aol.com,3000-05-20,2009-12-18,93696
EmployeeDTO{284157,Mrs.,Dan,S,Humbert,X,dan.humbert@exxonmobil.com,1987-12-29,2012-01-01,84676
EmployeeDTO{439696,Mr.,Bert,S,Boisvert,X,bert.boisvert@gmail.com,1993-08-11,2016-09-06,127898
EmployeeDTO{154198,Mr.,Hiram,B,Bowers,X,hiram.bowers@walmart.com,1969-01-01,2001-03-09,157358
EmployeeDTO{726003,Mr.,Brenton,F,Saucedo,X,brenton.saucedo@charter.net,1969-06-13,2014-08-09,173056
EmployeeDTO{738228,Ms.,Adelle,Y,Mccorkle,X,adelle.mccorkle@walmart.com,1966-09-29,2000-02-18,116985
EmployeeDTO{297549,Drs.,Janella,I,Metz,X,janella.metz@sbcglobal.net,1964-04-25,2016-09-07,171960
EmployeeDTO{636130,Ms.,Josefina,O,Regan,X,josefina.regan@hotmail.co.uk,1958-03-08,1996-04-09,63744
EmployeeDTO{504550,Hon.,Elliott,M,Welter,X,elliott.welter@yahoo.com,1974-10-10,2005-02-12,84981
EmployeeDTO{169102,Ms.,Giuseppina,C,Farley,X,giuseppina.farley@aol.com,1959-07-04,2001-09-24,160519
EmployeeDTO{143158,Mr.,Ian,G,Freeze,X,ian.freeze@gmail.com,1986-05-11,2012-04-06,58886
EmployeeDTO{674621,Mrs.,Deana,T,Muldoon,X,deana.muldoon@aol.com,1976-12-19,2016-06-02,87909
EmployeeDTO{254723,Mr.,Hai,I,Hogg,X,hai.hogg@comcast.net,1960-11-16,2000-06-12,142533
EmployeeDTO{893595,Mr.,Hobert,V,Gustafson,X,hobert.gustafson@hotmail.com,1980-06-12,2001-10-11,97646
EmployeeDTO{958471,Mr.,Leroy,O,Session,X,leroy.session@gmail.com,1987-02-27,2017-07-12,187918
EmployeeDTO{963461,Mr.,Taylor,I,Mcgraw,X,taylor.mcgraw@sbcglobal.net,1979-02-06,2000-03-05,104382
EmployeeDTO{128657,Mr.,Margarito,W,Dyer,X,margarito.dyer@msn.com,1986-05-25,2007-12-10,64899
EmployeeDTO{672878,Mr.,Reid,E,Mackie,X,reid.mackie@gmail.com,1971-11-11,2007-12-05,60974
EmployeeDTO{517298,Drs.,Cristine,H,Deanda,X,cristine.deanda@yahoo.com,1995-06-11,2016-12-23,50616
EmployeeDTO{237649,Mr.,Jerrod,O,Read,X,jerrod.read@gmail.com,1965-06-21,2006-02-21,54537
EmployeeDTO{137763,Mr.,Bennie,M,Lillard,X,bennie.lillard@gmail.com,1987-02-25,2014-10-29,125855
EmployeeDTO{850355,Mr.,Lazaro,Y,Huskey,X,lazaro.huskey@bellsouth.net,1976-12-22,2011-08-26,109492
EmployeeDTO{206875,Mr.,Emil,Y,Bost,X,emil.bost@gmail.com,1995-06-28,2017-05-12,118343
EmployeeDTO{130519,Hon.,Samuel,O,Brill,X,samuel.brill@charter.net,1974-11-18,1999-09-19,187334
EmployeeDTO{795967,Dr.,Jess,W,Holifield,X,jess.holifield@hotmail.com,1975-02-26,2002-05-10,142105
EmployeeDTO{225018,Hon.,Catrice,D,Needham,X,catrice.needham@shell.com,1977-07-05,2005-10-02,131082
EmployeeDTO{676073,Mr.,Adan,J,Walther,X,adan.walther@apple.com,1993-03-23,2015-12-23,193815
EmployeeDTO{741910,Mrs.,Augusta,F,Heiser,X,augusta.heiser@ibm.com,1962-06-18,1985-01-05,126584
EmployeeDTO{463317,Mr.,Hoyt,K,Denis,X,hoyt.denis@aol.com,1971-09-25,1999-12-29,47930
EmployeeDTO{554969,Mr.,Harris,T,Thomsen,X,harris.thomsen@yahoo.co.in,1979-02-17,2001-11-10,178012
EmployeeDTO{465043,Dr.,Korey,H,Madore,X,korey.madore@gmail.com,1995-09-22,2016-10-16,79423
EmployeeDTO{778241,Drs.,Barbar,I,Houghton,X,barbar.houghton@yahoo.com,1960-03-09,1996-10-05,131033
EmployeeDTO{176323,Dr.,Chi,C,Fee,X,chi.fee@yahoo.com,1978-08-10,2000-01-03,75481
EmployeeDTO{621694,Ms.,Mackenzie,F,Hillman,X,mackenzie.hillman@outlook.com,1963-12-18,2002-01-21,118216
EmployeeDTO{619807,Mrs.,Hildred,H,Freeland,X,hildred.freeland@rediffmail.com,1959-09-16,2013-02-24,124830
EmployeeDTO{652509,Ms.,Paulette,F,Atencio,X,paulette.atencio@comcast.net,1977-05-29,2014-01-22,76360
EmployeeDTO{540721,Mr.,Alejandro,P,Doyon,X,alejandro.doyon@gmail.com,1984-05-13,2013-09-11,66785
EmployeeDTO{789173,Ms.,Elia,K,Marr,X,elia.marr@gmail.com,1989-06-13,2014-03-19,101331
EmployeeDTO{943027,Mrs.,Alesha,H,Ornelas,X,alesha.ornelas@yahoo.com,1975-08-18,2001-06-02,71310
EmployeeDTO{467202,Mr.,Jose,Y,Hogan,X,jose.hogan@gmail.com,1983-04-18,2004-08-09,173220
EmployeeDTO{176890,Mr.,Cory,T,Settle,X,cory.settle@yahoo.com,1975-07-04,2005-06-15,168015
EmployeeDTO{766806,Prof.,Yong,X,Haugen,X,yong.haugen@hotmail.com,1984-04-20,2005-05-03,44072
EmployeeDTO{620492,Mrs.,Crystal,U,Sparkman,X,crystal.sparkman@exxonmobil.com,1990-12-21,2012-01-20,185461
EmployeeDTO{672612,Hon.,Glen,H,Wunderlich,M,glen.wunderlich@gmail.com,1968-09-11,2013-01-22,-142743
EmployeeDTO{208384,Mr.,Christian,J,Marchetti,M,christian.marchetti@gmail.com,1963-06-30,1995-09-21,-114240
EmployeeDTO{524308,Mrs.,Yer,Y,Whitten,X,yer.whitten@gmail.com,1989-10-04,2012-05-01,159583
EmployeeDTO{314841,Ms.,Kymberly,Q,Marler,F,kymberly.marler@ibm.com,1969-08-28,2008-06-03,-125170
EmployeeDTO{371411,Prof.,Quinton,N,Perri,M,quinton.perri@shell.com,1960-06-03,1995-07-19,-118058
EmployeeDTO{557921,Prof.,Pat,C,Nemeth,M,pat.nemeth@gmail.com,1974-02-21,2016-10-13,-195429
EmployeeDTO{481713,Mr.,Deandre,L,Freeze,M,deandre.freeze@gmail.com,1964-04-13,1987-08-22,-177512
EmployeeDTO{185069,Hon.,Leonila,G,Heflin,F,leonila.heflin@charter.net,1962-03-01,1999-11-19,-121059
EmployeeDTO{729802,Prof.,Jae,A,Rau,M,jae.rau@outlook.com,1981-12-13,2012-12-24,-193731
EmployeeDTO{400293,Mr.,Paris,R,Mertz,M,paris.mertz@shell.com,1983-07-14,2015-03-08,-65346
EmployeeDTO{594882,Mrs.,Maxima,J,Rex,X,maxima.rex@hotmail.co.uk,1972-03-20,2010-01-23,75685
EmployeeDTO{183291,Drs.,Linnie,C,Mowery,X,linnie.mowery@hotmail.com,1993-03-06,2014-11-06,195095
EmployeeDTO{979547,Mr.,Kurt,M,Durante,X,kurt.durante@walmart.com,1985-05-02,2013-03-05,101165
EmployeeDTO{223906,Dr.,Kurt,C,Atwater,X,kurt.atwater@aol.com,1991-11-25,2016-03-22,126624
EmployeeDTO{508642,Hon.,Eula,K,Gammon,X,eula.gammon@comcast.net,1978-11-02,2002-08-20,185191
EmployeeDTO{802769,Ms.,Despina,F,Ayers,X,despina.ayers@gmail.com,1995-07-18,2016-08-16,125038
EmployeeDTO{713117,Dr.,Freeman,J,Mcmichael,X,freeman.mcmichael@gmail.com,1981-07-06,2005-11-15,48334
EmployeeDTO{567463,Ms.,Christel,W,Holston,X,christel.holston@yahoo.ca,1994-07-29,2016-11-16,65339
EmployeeDTO{668065,Mrs.,Deja,H,Niemeyer,F,deja.niemeyer@gmail.com,3000-09-04,2012-06-05,130000
EmployeeDTO{356131,Hon.,Dominick,I,Yager,M,dominick.yager@aol.com,3000-05-20,2009-12-18,93696
EmployeeDTO{284157,Mrs.,Dan,S,Humbert,X,dan.humbert@exxonmobil.com,1987-12-29,2012-01-01,84676
EmployeeDTO{439696,Mr.,Bert,S,Boisvert,X,bert.boisvert@gmail.com,1993-08-11,2016-09-06,127898
EmployeeDTO{154198,Mr.,Hiram,B,Bowers,X,hiram.bowers@walmart.com,1969-01-01,2001-03-09,157358
EmployeeDTO{726003,Mr.,Brenton,F,Saucedo,X,brenton.saucedo@charter.net,1969-06-13,2014-08-09,173056
EmployeeDTO{738228,Ms.,Adelle,Y,Mccorkle,X,adelle.mccorkle@walmart.com,1966-09-29,2000-02-18,116985
EmployeeDTO{297549,Drs.,Janella,I,Metz,X,janella.metz@sbcglobal.net,1964-04-25,2016-09-07,171960
EmployeeDTO{636130,Ms.,Josefina,O,Regan,X,josefina.regan@hotmail.co.uk,1958-03-08,1996-04-09,63744
EmployeeDTO{504550,Hon.,Elliott,M,Welter,X,elliott.welter@yahoo.com,1974-10-10,2005-02-12,84981
EmployeeDTO{169102,Ms.,Giuseppina,C,Farley,X,giuseppina.farley@aol.com,1959-07-04,2001-09-24,160519
EmployeeDTO{143158,Mr.,Ian,G,Freeze,X,ian.freeze@gmail.com,1986-05-11,2012-04-06,58886
EmployeeDTO{674621,Mrs.,Deana,T,Muldoon,X,deana.muldoon@aol.com,1976-12-19,2016-06-02,87909
EmployeeDTO{254723,Mr.,Hai,I,Hogg,X,hai.hogg@comcast.net,1960-11-16,2000-06-12,142533
EmployeeDTO{893595,Mr.,Hobert,V,Gustafson,X,hobert.gustafson@hotmail.com,1980-06-12,2001-10-11,97646
EmployeeDTO{958471,Mr.,Leroy,O,Session,X,leroy.session@gmail.com,1987-02-27,2017-07-12,187918
EmployeeDTO{963461,Mr.,Taylor,I,Mcgraw,X,taylor.mcgraw@sbcglobal.net,1979-02-06,2000-03-05,104382
EmployeeDTO{128657,Mr.,Margarito,W,Dyer,X,margarito.dyer@msn.com,1986-05-25,2007-12-10,64899
EmployeeDTO{672878,Mr.,Reid,E,Mackie,X,reid.mackie@gmail.com,1971-11-11,2007-12-05,60974
EmployeeDTO{517298,Drs.,Cristine,H,Deanda,X,cristine.deanda@yahoo.com,1995-06-11,2016-12-23,50616
EmployeeDTO{237649,Mr.,Jerrod,O,Read,X,jerrod.read@gmail.com,1965-06-21,2006-02-21,54537
EmployeeDTO{137763,Mr.,Bennie,M,Lillard,X,bennie.lillard@gmail.com,1987-02-25,2014-10-29,125855
EmployeeDTO{850355,Mr.,Lazaro,Y,Huskey,X,lazaro.huskey@bellsouth.net,1976-12-22,2011-08-26,109492
EmployeeDTO{206875,Mr.,Emil,Y,Bost,X,emil.bost@gmail.com,1995-06-28,2017-05-12,118343
EmployeeDTO{130519,Hon.,Samuel,O,Brill,X,samuel.brill@charter.net,1974-11-18,1999-09-19,187334
EmployeeDTO{795967,Dr.,Jess,W,Holifield,X,jess.holifield@hotmail.com,1975-02-26,2002-05-10,142105
EmployeeDTO{225018,Hon.,Catrice,D,Needham,X,catrice.needham@shell.com,1977-07-05,2005-10-02,131082
EmployeeDTO{676073,Mr.,Adan,J,Walther,X,adan.walther@apple.com,1993-03-23,2015-12-23,193815
EmployeeDTO{741910,Mrs.,Augusta,F,Heiser,X,augusta.heiser@ibm.com,1962-06-18,1985-01-05,126584
EmployeeDTO{463317,Mr.,Hoyt,K,Denis,X,hoyt.denis@aol.com,1971-09-25,1999-12-29,47930
EmployeeDTO{554969,Mr.,Harris,T,Thomsen,X,harris.thomsen@yahoo.co.in,1979-02-17,2001-11-10,178012
EmployeeDTO{465043,Dr.,Korey,H,Madore,X,korey.madore@gmail.com,1995-09-22,2016-10-16,79423
EmployeeDTO{778241,Drs.,Barbar,I,Houghton,X,barbar.houghton@yahoo.com,1960-03-09,1996-10-05,131033
EmployeeDTO{176323,Dr.,Chi,C,Fee,X,chi.fee@yahoo.com,1978-08-10,2000-01-03,75481
EmployeeDTO{621694,Ms.,Mackenzie,F,Hillman,X,mackenzie.hillman@outlook.com,1963-12-18,2002-01-21,118216
EmployeeDTO{619807,Mrs.,Hildred,H,Freeland,X,hildred.freeland@rediffmail.com,1959-09-16,2013-02-24,124830
EmployeeDTO{652509,Ms.,Paulette,F,Atencio,X,paulette.atencio@comcast.net,1977-05-29,2014-01-22,76360
EmployeeDTO{540721,Mr.,Alejandro,P,Doyon,X,alejandro.doyon@gmail.com,1984-05-13,2013-09-11,66785
EmployeeDTO{789173,Ms.,Elia,K,Marr,X,elia.marr@gmail.com,1989-06-13,2014-03-19,101331
EmployeeDTO{943027,Mrs.,Alesha,H,Ornelas,X,alesha.ornelas@yahoo.com,1975-08-18,2001-06-02,71310
EmployeeDTO{467202,Mr.,Jose,Y,Hogan,X,jose.hogan@gmail.com,1983-04-18,2004-08-09,173220
EmployeeDTO{176890,Mr.,Cory,T,Settle,X,cory.settle@yahoo.com,1975-07-04,2005-06-15,168015
EmployeeDTO{766806,Prof.,Yong,X,Haugen,X,yong.haugen@hotmail.com,1984-04-20,2005-05-03,44072
EmployeeDTO{620492,Mrs.,Crystal,U,Sparkman,X,crystal.sparkman@exxonmobil.com,1990-12-21,2012-01-20,185461
EmployeeDTO{672612,Hon.,Glen,H,Wunderlich,M,glen.wunderlich@gmail.com,1968-09-11,2013-01-22,-142743
EmployeeDTO{208384,Mr.,Christian,J,Marchetti,M,christian.marchetti@gmail.com,1963-06-30,1995-09-21,-114240
EmployeeDTO{524308,Mrs.,Yer,Y,Whitten,X,yer.whitten@gmail.com,1989-10-04,2012-05-01,159583
EmployeeDTO{314841,Ms.,Kymberly,Q,Marler,F,kymberly.marler@ibm.com,1969-08-28,2008-06-03,-125170
EmployeeDTO{371411,Prof.,Quinton,N,Perri,M,quinton.perri@shell.com,1960-06-03,1995-07-19,-118058
EmployeeDTO{557921,Prof.,Pat,C,Nemeth,M,pat.nemeth@gmail.com,1974-02-21,2016-10-13,-195429
EmployeeDTO{481713,Mr.,Deandre,L,Freeze,M,deandre.freeze@gmail.com,1964-04-13,1987-08-22,-177512
EmployeeDTO{185069,Hon.,Leonila,G,Heflin,F,leonila.heflin@charter.net,1962-03-01,1999-11-19,-121059
EmployeeDTO{729802,Prof.,Jae,A,Rau,M,jae.rau@outlook.com,1981-12-13,2012-12-24,-193731
EmployeeDTO{400293,Mr.,Paris,R,Mertz,M,paris.mertz@shell.com,1983-07-14,2015-03-08,-65346
EmployeeDTO{594882,Mrs.,Maxima,J,Rex,X,maxima.rex@hotmail.co.uk,1972-03-20,2010-01-23,75685
EmployeeDTO{183291,Drs.,Linnie,C,Mowery,X,linnie.mowery@hotmail.com,1993-03-06,2014-11-06,195095
EmployeeDTO{979547,Mr.,Kurt,M,Durante,X,kurt.durante@walmart.com,1985-05-02,2013-03-05,101165
EmployeeDTO{223906,Dr.,Kurt,C,Atwater,X,kurt.atwater@aol.com,1991-11-25,2016-03-22,126624
EmployeeDTO{508642,Hon.,Eula,K,Gammon,X,eula.gammon@comcast.net,1978-11-02,2002-08-20,185191
EmployeeDTO{802769,Ms.,Despina,F,Ayers,X,despina.ayers@gmail.com,1995-07-18,2016-08-16,125038
EmployeeDTO{713117,Dr.,Freeman,J,Mcmichael,X,freeman.mcmichael@gmail.com,1981-07-06,2005-11-15,48334
EmployeeDTO{567463,Ms.,Christel,W,Holston,X,christel.holston@yahoo.ca,1994-07-29,2016-11-16,65339
